0.300;3.28472202524359;1.65134696775022
0.300313920640598;3.28643318385693;1.65204565950749
0.300318622117843;3.28843037139067;1.65297724851718
0.300323323595088;3.29642915134376;1.65390883752687
0.302182757845547;3.27673443928394;1.70337987086985
0.302187459322792;3.27673085720604;1.70335696294338
0.302192160800037;3.27644205217526;1.70333405501691
0.302196862277283;3.28072442630599;1.70331114709045
0.303114825709399;3.27302251105895;1.69926165414011
0.303597902496339;3.26831073533983;1.69710793679834
0.304048656627218;3.26403477909867;1.6950983246315
0.304057471897053;3.26517462613744;1.69505902322015
0.304062173374298;3.26574238548476;1.69503806246744
0.304990715130216;3.25832360364515;1.68709607375163
0.305919256886134;3.25162108813251;1.68304510171115
0.305932185948558;3.25575614930956;1.68298869577134
0.306080282481781;3.25318869497397;1.68234259136995
0.307789269460395;3.24363514395857;1.6712782333626
0.30779397093764;3.24477424473111;1.67123753287188
0.307798672414885;3.24591349475689;1.67119683238117
0.30780337389213;3.247910055427;1.67115613189046
0.309206764849809;3.23963754502097;1.67238276754442
0.309662808142589;3.23564979679761;1.67200461633295
0.309666334250523;3.23678800205067;1.67200169248338
0.309671035727768;3.23821277353582;1.67199779401728
0.311539872932717;3.23222936016182;1.67362481482674
0.311544574409963;3.23393980235958;1.67363187707496
0.312474291535192;3.23080548419614;1.67708725589124
0.313415762353534;3.23052876867829;1.67717378218956
0.31342046383078;3.23195354016344;1.67717421428094
0.314350180956009;3.23110548322036;1.67975764349375
0.31529047640504;3.22882817719475;1.68070648415177
0.315295177882285;3.23139563153035;1.68071122835506
0.317161664348612;3.22627057357339;1.68374979618819
0.317165190456546;3.22912369862159;1.68375012025672
0.317169891933791;3.22911922102422;1.6837505523481
0.319035203030806;3.2222837208695;1.68757000525582
0.319039904508052;3.22427983377987;1.68757474945911
0.319044605985297;3.22627594669024;1.6875794936624
0.320908741713001;3.21772552674038;1.68744843866637
0.320913443190246;3.22000731036337;1.68744410972116
0.320918144667491;3.22257476469896;1.68743978077594
0.322782280395195;3.21316733261127;1.69557171842537
0.322785806503129;3.21544911623425;1.6955707450158
0.322790507980374;3.21801657056985;1.69556944713638
0.32465581907739;3.21089450418304;1.6961184463489
0.324659345185323;3.21231927566819;1.69611795752538
0.324664046662569;3.21402971786596;1.69611730576068
0.326531708498207;3.2110518171042;1.70873920085198
0.32653523460614;3.20990376113691;1.70873920085198
0.326539936083386;3.21175703869097;1.70873920085198
0.328408185603679;3.20991808944851;1.71786722990132
0.328569798883981;3.21191420235888;1.71766521330094
0.33028348733984;3.21288315443112;1.73211102562163
0.330287013447774;3.21373718150403;1.73210217727386
0.330291714925019;3.21220808200002;1.73209037947684
0.331390685231075;3.21703000661459;1.74776143958913
0.331692755144076;3.21903597023919;1.74716488217512
0.332321969515386;3.21788970531085;1.74592224766552
0.333109075164179;3.2253287855919;1.75543398022471
0.333271276129137;3.22446834062941;1.7563706301551
0.334043493766653;3.22694967584213;1.7563706301551
0.334517167599103;3.23396054856076;1.75833451769618
0.334989666062241;3.23295711898872;1.76633600524126
0.335151867027199;3.23238234473885;1.76837671474622
0.336864967798402;3.23977963411105;1.7802729474054
0.336869081590992;3.23920515836766;1.7802729474054
0.336873783068237;3.23910635271889;1.7802729474054
0.337972753374292;3.2449267815484;1.7802729474054
0.338274823287293;3.24664662670065;1.7802729474054
0.338904037658603;3.24578648024465;1.78183179418259
0.339691143307396;3.25308227740966;1.78183179418259
0.339853344272354;3.25222183244717;1.78183179418259
0.340155414185355;3.25456078006332;1.78183179418259
0.341567620412869;3.26271448488564;1.78304423056485
0.341571734205458;3.26142538460099;1.78304423056485
0.341733935170416;3.2605649396385;1.78304423056485
0.342976300532449;3.27129803905608;1.78304423056485
0.343448211310931;3.26900909127729;1.78304423056485
0.343452325103521;3.26672014349851;1.78304423056485
0.343614526068478;3.26443119571973;1.78304423056486
0.344856891430511;3.27973771309749;1.78304423056485
0.345328802208993;3.27659130542114;1.78304423056486
0.345332916001583;3.27301683943561;1.78304423056485
0.345495116966541;3.26929953809377;1.78304423056485
0.346737482328573;3.28803380551637;1.78304423056485
0.347209980791711;3.28503023319632;1.78304423056485
0.347214682268956;3.28145561795755;1.78304423056486
0.347219383746201;3.27773921213519;1.78304423056486
0.348162029933855;3.28975051635046;1.78304423056485
0.349089984005117;3.2966140761154;1.78304423056486
0.34925159728542;3.29375363765815;1.78304423056486
0.350040270093294;3.2991886946068;1.78304423056486
0.350499839494008;3.30762717462224;1.78304423056485
0.351129837444859;3.30462449782167;1.78304423056486
0.351139240399349;3.30205002858352;1.78304423056485
0.352380430392071;3.32020996951599;1.78304423056485
0.352385131869316;3.31534953756397;1.78304423056486
0.352857630332454;3.31048970262494;1.78304423056486
0.353019831297412;3.30648673057049;1.78304423056485
0.354263372028755;3.33050680169586;1.78304423056485
0.354735870491893;3.33164784276059;1.78304423056485
0.354740571969138;3.32535905724553;1.78304423056485
0.354745273446384;3.31907027173046;1.78304423056485
0.354907474411341;3.31935459916386;1.78304423056486
0.356143962926817;3.33837423879258;1.78304423056485
0.356618224443922;3.34008691978903;1.78304423056485
0.356622338236512;3.33494066787115;1.78304423056485
0.356627039713757;3.32893874709466;1.78304423056485
0.356631741191002;3.32979441595328;1.78304423056485
0.357730711497057;3.34180512315557;1.78304423056485
0.358031606040747;3.35223837280218;1.78304423056485
0.358661603991598;3.34495018755271;1.78304423056485
0.359449101430161;3.36052983837044;1.78304423056485
0.359611302395119;3.35652701556923;1.78304423056485
0.359913372308121;3.36739160709643;1.78304423056485
0.360399975202994;3.36396042422694;1.78304423056485
0.361324403166323;3.37668605447699;1.78304423056485
0.361328516958912;3.37125517661923;1.78304423056486
0.361333218436158;3.36896712435992;1.78304423056485
0.361342621390648;3.36582205996278;1.78304423056485
0.362275864623811;3.37440203205532;1.78373705135472
0.362735434024525;3.38426737310136;1.78373705135472
0.36274013550177;3.38255051301402;1.78373705135472
0.363218510811465;3.37897694254797;1.78373705135472
0.36322321228871;3.37326069248409;1.78373705135472
0.364152929413939;3.38855795616061;1.78180017334466
0.364322182594765;3.38655557461391;1.781591608641
0.365253075089306;3.39598957377936;1.78278793080926
0.366040572527869;3.40113866150891;1.78882519518241
0.366202773492827;3.39999254583381;1.78884010233493
0.366503668036517;3.4051437231088;1.78886775618309
0.367147770419103;3.40428462142552;1.78892695270179
0.367445138854859;3.41172101514815;1.78877945852427
0.367917637317998;3.41229071478766;1.78882285686889
0.367922338795243;3.4085743089653;1.78882328869322
0.368864984982896;3.42287023261523;1.78890986947031
0.368869686460142;3.41886815608026;1.78891030129463
0.368874387937387;3.41486607954529;1.78891073311896
0.369330431230167;3.42672992155363;1.79014564366096
0.370743812826992;3.43540556497678;1.79014564366096
0.370747926619581;3.43302124437388;1.79014564366096
0.370752628096826;3.42844678164097;1.79014564366096
0.371851598402881;3.43769361723609;1.79031884885842
0.372153668315882;3.44870208889231;1.79031884885842
0.372782882687192;3.44398494005634;1.79031884885842
0.372796595329158;3.4388391358982;1.79031884885842
0.373727487823698;3.4472758248747;1.79031884885842
0.374034259213945;3.45661728702771;1.79031884885842
0.374514985262262;3.45118551365047;1.79031884885842
0.37467718622722;3.44556389014448;1.79031884885842
0.374978080770909;3.45833384860855;1.79031884885842
0.375919551589252;3.47177141684143;1.79031884885842
0.37639205005239;3.46776889254673;1.79031884885842
0.376396751529635;3.46005175346861;1.79031884885842
0.37640145300688;3.45633534764625;1.79031884885842
0.377344099194534;3.47063052502994;1.79031884885842
0.377800142487314;3.47835333573141;1.79031884885842
0.378272640950452;3.47977945049577;1.79031884885842
0.378277342427697;3.4754911062352;1.79031884885842
0.378286745382188;3.46977485617132;1.79031884885842
0.379376312733752;3.4837866016411;1.79031884885842
0.379385715688243;3.48064153724396;1.79031884885842
0.379683084123999;3.48707450139455;1.79031884885842
0.380626905680964;3.50079953137899;1.79031884885842
0.381099991828757;3.49679700708428;1.79031884885842
0.381104105621347;3.49307985499569;1.79031884885842
0.381266306586305;3.49021956579169;1.79031884885842
0.382509847317648;3.5160954517763;1.79031884885842
0.382982345780786;3.51066367839906;1.79031884885842
0.382987047258032;3.50508951742526;1.79031884885842
0.38314924822299;3.49908670112929;1.79031884885842
0.384389262846399;3.52439169344842;1.79031884885842
0.384392788954333;3.52353289027164;1.79031884885842
0.384865287417471;3.52295990706072;1.79031884885842
0.384869988894716;3.51495709726999;1.79031884885842
0.384874690371961;3.51495575399078;1.79031884885842
0.385036891336919;3.51524008142417;1.79031884885842
0.386272204483084;3.53883045245466;1.79031884885842
0.386745290630878;3.53768582931202;1.79031884885842
0.386749404423467;3.53539852331894;1.79031884885842
0.386754105900712;3.52711093833507;1.79031884885842
0.386758807377957;3.52625213515829;1.79031884885842
0.386763508855203;3.52525049662521;1.79031884885842
0.387706155042856;3.53983209098774;1.79031884885842
0.388161022966325;3.56512394902124;1.79031884885842
0.388634109114119;3.55997904038258;1.79031884885842
0.388795722394421;3.55054877254827;1.79031884885842
0.388805125348911;3.5409761171174;1.79031884885842
0.389593798156786;3.56712707683417;1.79031884885842
0.389598499634031;3.56569708148541;1.79031884885842
0.390045139972321;3.5772767453136;1.79031884885842
0.390048666080255;3.57441839640179;1.79031884885842
0.390521164543393;3.57384526393762;1.79031884885842
0.390683365508351;3.57098676577257;1.79031884885842
0.390697469940086;3.56898527974535;1.79031884885842
0.391472038316226;3.58556462880396;1.79031884885842
0.391486142747961;3.58127777707585;1.79031884885842
0.391932783086251;3.59928533044427;1.79031884885842
0.392405281549389;3.60042711777524;1.78954420431271
0.392414684503879;3.59471191248408;1.78954247487767
0.392419385981124;3.59128207289381;1.78954161016015
0.392428788935615;3.58842357472875;1.78953988072511
0.392878955381838;3.61386035766399;1.78945708402244
0.393362032168778;3.60957350593589;1.78936823429712
0.393371435123268;3.60385830064473;1.78936650486207
0.393376136600514;3.59700041250313;1.78936564014455
0.393826303046737;3.61929377282693;1.78928284344188
0.394304678356432;3.61729228679971;1.78389515528077
0.394318782788167;3.61614766365707;1.7838560006991
0.394768949234391;3.63615640454622;1.78260631696763
0.395246149174774;3.62529778314887;1.78128158695463
0.395408350139732;3.62558211058226;1.78083130926548
0.395417753094222;3.62272361241721;1.78080520621104
0.395710420052733;3.64187310236984;1.77999274864149
0.396206425902097;3.63901475345803;1.77502006551142
0.396656592348321;3.65559469952963;1.77250503785133
0.39713026618077;3.65216485993936;1.76985867715417
0.397134967658015;3.65444933012076;1.76983241054675
0.39713966913526;3.64444861638071;1.76980614393934
0.397149072089751;3.64901890002274;1.76975361072451
0.397153773566996;3.64501727124751;1.76972734411709
0.398082315322914;3.66245437871018;1.76496149839329
0.39809641975465;3.65902453911991;1.76486670101919
0.398543060092939;3.6687465970499;1.76186478417264
0.398546586200873;3.67303120997932;1.76184108482912
0.399024961510568;3.6696012211358;1.75862587389085
0.399029662987813;3.66731391514272;1.75859427476614
0.399039065942303;3.66474108769028;1.75853107651674
0.399490407757838;3.69217920739949;1.7554975605455
0.400128633293868;3.68246326885258;1.75280463636118
0.400138036248358;3.67389046091584;1.75268991432086
0.400926709056233;3.70046679238336;1.74306760318903
0.401378050871768;3.70804661847527;1.73140071262275
0.401851137019562;3.70461677888499;1.73441196242049
0.401855250812151;3.7069012490664;1.73438276600299
0.401859952289396;3.70347140947613;1.73434939866871
0.401869355243887;3.70061291131107;1.73428266400014
0.401874056721132;3.69989709274384;1.73424929666586
0.40280259847705;3.71490629765582;1.72707870722565
0.402816702908785;3.71147645806554;1.72695087301256
0.403263343247075;3.72248492972177;1.722902789598
0.403266869355009;3.72505462285605;1.72287083104473
0.403745244664704;3.72162463401252;1.71680421522298
0.403749946141949;3.71933732801945;1.71675775490153
0.403759349096439;3.71705017127961;1.71666483425862
0.404848916448004;3.73477429273411;1.70986232625713
0.404858319402494;3.72877252121086;1.70988257819213
0.40515568783825;3.74191919486753;1.71052304563629
0.406097158656593;3.75964197304282;1.69887636089327
0.406101860133838;3.75764048701559;1.69883085223475
0.406574358596976;3.75478213810378;1.69450259936303
0.406579060074221;3.7464954486394;1.69449644736013
0.406583761551466;3.74706559603865;1.69449029535724
0.406745962516424;3.74877842628834;1.69427805125739
0.407534635324299;3.76164345907004;1.68076720341594
0.407984801770522;3.77736564673758;1.67572450976582
0.408458475602972;3.77507848999774;1.66849863234593
0.408463177080217;3.77507669895879;1.66848459371712
0.408467878557462;3.76536076041188;1.6684705550883
0.408477281511952;3.76364494509726;1.66844247783067
0.409410524745116;3.78079682960707;1.66480730529354
0.409419927699606;3.77965280347741;1.66476146160594
0.40987009414583;3.79108858717658;1.66256669506224
0.409874795623075;3.79108724389737;1.66254377321844
0.410353170932769;3.79108545285842;1.6685383585721
0.41036257388726;3.78194085573672;1.66848964803565
0.410817441810729;3.79795005739608;1.66613327583467
0.411295817120423;3.79566290065625;1.65657564922315
0.411305220074913;3.79337574391641;1.65628685663014
0.411760087998382;3.81252627864177;1.65137013050087
0.412238463308077;3.81023897264869;1.64749041571414
0.412247866262567;3.80823748662146;1.64741179055476
0.412702734186036;3.82824622751062;1.64360829846948
0.413189337080909;3.8188146163971;1.62869974620104
0.413337433614132;3.8185302889637;1.62809285336078
0.413351538045867;3.8148134353816;1.62803505404266
0.413644205004378;3.82967801389832;1.62683571819169
0.414140210853742;3.82881921072154;1.61705273737562
0.414586851192032;3.84125693146029;1.61509874208526
0.415059937339826;3.83668440901957;1.61302904970533
0.415064051132415;3.83782619635054;1.61301105238029
0.41506875260966;3.82896816546093;1.61299048400881
0.415073454086905;3.83439546124079;1.61296991563734
0.415082857041396;3.83139367995969;1.61292877889438
0.416016100274559;3.84697348003066;1.6144176290277
0.416025503229049;3.84468677105056;1.61431705106812
0.416480371152518;3.86140701517329;1.60945159227322
0.416958746462213;3.86369103759496;1.60433468857935
0.416968149416703;3.85597479403631;1.60423411061977
0.417423017340172;3.86712625030208;1.59425795430713
0.417901392649866;3.86712490702287;1.59733918543138
0.417910795604357;3.86712311598392;1.59727245076282
0.418365663527825;3.87513159739799;1.59404416117091
0.41884403883752;3.87513025411878;1.59011512061282
0.41885344179201;3.87512831382658;1.59002989780409
0.419308309715479;3.88399544916419;1.5859072444319
0.419943009143575;3.88056471405444;1.57831523666598
0.419952412098065;3.87827666179513;1.57822231602306
0.420249780533821;3.88856931488412;1.57528370069103
0.421193602090786;3.89886525154452;1.57328585989696
0.421667275923236;3.89543406867503;1.56648963090122
0.421671977400481;3.89028796601041;1.5664441222427
0.421676678877726;3.88628514320921;1.56639861358418
0.423546691451987;3.90230374782306;1.54853438551836
0.423550217559921;3.90087225994184;1.54849015886621
0.423554919037166;3.90001166572611;1.54843118999667
0.424955959256222;3.90745850717594;1.53861259301657
0.425427282350049;3.90716970214517;1.53631607338818
0.425589483315007;3.90745179077988;1.53552574992505
0.426834199415662;3.91161282202171;1.52584962554876
0.427305522509488;3.91103834627833;1.52277367234511
0.427467723474446;3.91117774880998;1.52171511488351
0.428712439575101;3.91705310283396;1.51347361410159
0.429184350353584;3.91619295637797;1.51039382554482
0.429345963633886;3.9159038528407;1.50933910343634
0.430591855103852;3.92435054178467;1.49986696016604
0.43106435356699;3.92306144150002;1.49584771818864
0.431226554531948;3.92191532582493;1.49418463523546
0.43246891989398;3.9306496257737;1.49275291688171
0.432941418357118;3.92893201942014;1.49064636123355
0.432946119834363;3.92721441306658;1.49062540048083
0.432950821311609;3.92549680671302;1.49060443972812
0.434350686161354;3.93537408801873;1.48067756900426
0.434823184624492;3.93379931702147;1.4785710133561
0.434985385589449;3.93236738138051;1.47784786738733
0.436699661729964;3.94367107595708;1.46790488790519
0.436703775522554;3.94223958807587;1.46788654724656
0.436865976487512;3.94137914311338;1.46716340127779
0.438108341849544;3.95239821175006;1.46168093858967
0.438111867957478;3.94996642861497;1.46165992637848
0.438584366420616;3.94739181012357;1.45884429007843
0.438746567385574;3.94510301159803;1.45787772836349
0.440461431210744;3.95783670152336;1.44284824173749
0.440466132687989;3.95583342445718;1.44283256037635
0.440470834165234;3.95411581810362;1.44281687901522
0.441871874384291;3.96670547864667;1.43524635071168
0.442343197478118;3.96555921371833;1.433428452674
0.442505398443075;3.96441294878998;1.43316549050353
0.444219086898935;3.97471858691137;1.42548848884475
0.444222613006868;3.97271530984519;1.42547490317169
0.444227314484114;3.97042636206641;1.42545678894094
0.444232015961359;3.96813741428762;1.4254386747102
0.44562835470317;3.98001573386082;1.4220667331914
0.445631880811104;3.97758395072573;1.42205945515226
0.446104379274242;3.97500933223433;1.42088594936685
0.4462665802392;3.97214889377708;1.42005723201351
0.447980856379714;3.9867401896006;1.40725512605989
0.447984970172304;3.98459362941839;1.40724248583458
0.448147171137262;3.9823046816396;1.40674409980803
0.449389536499294;3.99632433753141;1.40584792426865
0.449861447277777;3.99389255439632;1.40675769844654
0.449865561070366;3.99131793590493;1.40674583173714
0.450027762035324;3.98902913737939;1.40627794433823
0.451270127397356;4.00819146311117;1.40245227000023
0.451742625860494;4.00390222333113;1.39750915842834
0.45174732733774;3.99804224239147;1.39748707588229
0.451752028814985;3.9943258365691;1.39746499333623
0.452694675002638;4.00690773594337;1.39030506868161
0.453150718295418;4.02234514841777;1.38804596533311
0.453622629073901;4.02119962975566;1.38515357901341
0.453784242354203;4.01233965857385;1.38371502909
0.453793645308693;4.00605206708475;1.38363133163991
0.45473864223497;4.02106127199673;1.37986048676879
0.455034835301414;4.03692659352706;1.37928455580626
0.455507921449208;4.03521003194622;1.37836466607444
0.45566953472951;4.02635021001766;1.3780504180294
0.455683639161246;4.0210624660227;1.37802299274547
0.456614531655787;4.03349973900171;1.37475756983152
0.456916601568788;4.04936356799958;1.37380720112433
0.456920127676722;4.04421895786741;1.37379610732619
0.457403204463661;4.03964553990722;1.37227625698123
0.457407905940906;4.03264392088984;1.37226146525038
0.45786747534162;4.04950998543379;1.37081557355967
0.45835055212856;4.04936535903853;1.36868357333874
0.459279681569134;4.06808783545471;1.36576035752926
0.459283795361724;4.06408575891974;1.36574741476477
0.459293198316214;4.05751204895829;1.36571783130307
0.460382765667779;4.07180707708874;1.36068105259747
0.460392168622269;4.07009021700141;1.36066542967619
0.460689537058025;4.07709691062915;1.36017135479069
0.461180841430144;4.07438080006066;1.35935505715379
0.461632183245679;4.08262913144086;1.35860515693232
0.461635709353612;4.07862705490589;1.35859929833684
0.462108207816751;4.07910033694857;1.35573652689417
0.462270408781708;4.07452706824162;1.35480552452744
0.463059081589583;4.08491718370017;1.35082687317139
0.463519826359608;4.09292462034152;1.35032586005765
0.464149040730918;4.08720613147895;1.35062804114302
0.465093645867424;4.09807161852562;1.34783499986597
0.465869389612875;4.09721863622543;1.34237683972959
0.466812035800528;4.10341757128648;1.33740724507526
0.466974236765486;4.10055593880326;1.33589403445392
0.467276306678488;4.10284921492617;1.33472635090294
0.46821777749683;4.10700263425246;1.33152313950033
0.468690275959968;4.10642815850908;1.32914759622754
0.468852476924926;4.10656756104073;1.32562167801159
0.470097193025581;4.11301336097046;1.32108541701806
0.470569103804063;4.11215321451447;1.32566836531874
0.470730717084365;4.1118641109772;1.32442607932791
0.471976608554332;4.11859647713902;1.31480364409026
0.47244910701747;4.11787916603932;1.30320993068571
0.472611307982428;4.11759006250206;1.30221186222192
0.473854848713771;4.12332258116974;1.29456000399946
0.474327347176909;4.12274810542636;1.29419841993706
0.474489548141867;4.12288750795801;1.28681259914308
0.475734264242522;4.1290485326946;1.27844673087862
0.476206175021004;4.12818838623861;1.27236638012018
0.476367788301307;4.12789928270134;1.27136297392922
0.477613679771273;4.13463164886316;1.26181418657992
0.478086178234411;4.13391433776347;1.25157300753033
0.478248379199369;4.1336252342262;1.25749274124199
0.479491919930712;4.14107207567604;1.25054522358046
0.479964418393851;4.140068646104;1.24790542953515
0.480126619358808;4.13949387185413;1.2405973598938
0.481842070868634;4.14722683177631;1.23134439432054
0.481846184661224;4.14622340220427;1.23132220495465
0.481850886138469;4.14564862795439;1.23129684567936
0.483720311028074;4.1528123359968;1.21797493249892
0.483724424820663;4.15052159717906;1.2178760129431
0.483729126297909;4.15123219188269;1.21776296202216
0.485599726556825;4.15353546797308;1.20551572094896
0.485761339837127;4.15496023945823;1.20142530512725
0.487475028292986;4.15540605890367;1.19024141542421
0.48747855440092;4.1568314274018;1.19021840330548
0.487483255878165;4.15525486536559;1.19018772048051
0.488881945358599;4.1577059021694;1.18051454044916
0.489354443821737;4.15598650477688;1.17094153940236
0.489359145298982;4.15726844090573;1.17083219506899
0.491229745557898;4.15971634339137;1.16227033517134
0.491391358838201;4.1591396288493;1.15938676494771
0.493108573401993;4.16087111575473;1.14917782751122
0.493113274879239;4.16029305793345;1.14918795347871
0.49498446282281;4.16188170948257;1.13201708715625
0.494989164300056;4.16144783029681;1.13201907046618
0.495918881425285;4.15917231531015;1.12318442548683
0.496859176874316;4.16032350559561;1.11018612423364
0.497021377839274;4.16089126494293;1.10951410979801
0.497791832422824;4.15975574624829;1.11028513930472
0.498274321525108;4.15890231618836;1.10243322329116
0.498733890925822;4.15448053952598;1.09355064997534
0.498738592403067;4.1550482988733;1.09345977966009
0.499663020366396;4.14834548485416;1.08269910074289
0.499667134158985;4.1537700940756;1.08270503623112
0.500608604977328;4.14520758461283;1.08056384423913
0.501534795994623;4.13893088861068;1.07496350629047
0.501696996959581;4.14206968437149;1.07431836390146
0.503405983938195;4.13023121541494;1.05538627757663
0.50341068541544;4.13394150185422;1.05535619936645
0.503415386892685;4.13793641423339;1.05532612115627
0.505277171881767;4.1222449727345;1.04781086375127
0.505281873359012;4.12566943920793;1.04769904835953
0.505286574836257;4.12909390568135;1.04758723296778
0.507144833717405;4.11226082610475;1.0353075360808
0.507148359825339;4.11454260972773;1.03525411668674
0.507153061302584;4.11682439335071;1.03518289082798
0.507157762779829;4.11910617697369;1.03511166496923
0.509014846291665;4.10484547708979;1.03262704559485
0.50901954776891;4.10598457786233;1.03262011068907
0.509024249246156;4.10683800792226;1.03261317578329
0.509028950723401;4.10769188574193;1.03260624087751
0.51043234168108;4.10070504279589;1.02960162158811
0.510887797289204;4.09728774047827;1.02960162158811
0.510891911081794;4.09842684125081;1.02960162158811
0.510896612559039;4.09956594202335;1.02960162158811
0.512761923656054;4.08958582523123;1.02960162158811
0.512766625133299;4.09215327956682;1.02960162158811
0.512771326610544;4.09472073390241;1.02960162158811
0.514633111599626;4.08417061896429;1.02960162158811
0.514637813076871;4.08688090865618;1.02960162158811
0.514642514554116;4.08973403370439;1.02960162158811
0.516507237966476;4.07904108340995;1.02960162158811
0.516511351759065;4.08132286703293;1.02960162158811
0.516516053236311;4.08389032136853;1.02960162158811
0.518380188964015;4.07434005392453;1.02960162158811
0.518383715071948;4.07676467290382;1.02960162158811
0.518388416549194;4.07933212723941;1.02960162158811
0.520253139961553;4.0692105183702;1.02960162158811
0.520257253754143;4.07163513734949;1.02960162158811
0.520261955231388;4.07420259168508;1.02960162158811
0.522125503274436;4.06422381817217;1.02960162158811
0.522129617067026;4.06664843715146;1.02960162158811
0.522134318544271;4.06921589148705;1.02960162158811
0.523999041956631;4.0606654715372;1.02960162158811
0.52400315574922;4.06266158444757;1.02960162158811
0.524007857226466;4.06465769735794;1.02960162158811
0.525869642215547;4.0552520563092;1.02960162158811
0.525873168323481;4.05653399243805;1.02960162158811
0.525877869800726;4.05767309321059;1.02960162158811
0.525882571277971;4.05881219398313;1.02960162158811
0.527274208542537;4.04869371943208;1.02960162158811
0.527745531636364;4.04983282020462;1.02960162158811
0.527750233113609;4.05068625026455;1.02960162158811
0.527754934590854;4.05153968032448;1.02960162158811
0.529616719579936;4.0437052281951;1.02960162158811
0.529621421057181;4.04527283503656;1.02960162158811
0.529626122534426;4.04698327723432;1.02960162158811
0.531490845946786;4.04086150610139;1.02960162158811
0.531494959739375;4.04257194829915;1.02960162158811
0.531499661216621;4.04456806120952;1.02960162158811
0.533366147682947;4.0397313605236;1.02960162158811
0.533369673790881;4.04087046129614;1.02960162158811
0.533374375268126;4.04229523278129;1.02960162158811
0.535242037103764;4.03960061468021;1.02965472535214
0.535245563211698;4.04045449249988;1.02965385920533
0.535250264688943;4.04159359327242;1.02965270434292
0.536648954169377;4.04204329330225;1.0313014248473
0.537121452632515;4.04032389590974;1.03172756557181
0.53712615410976;4.04160583203858;1.03173180577802
0.538996754368676;4.042052248497;1.03713805610224
0.539158367648979;4.04347701998215;1.03738082088481
0.540872056104838;4.04378089959076;1.04016713863354
0.540875582212772;4.04520582032916;1.04016713863354
0.540880283690017;4.04377164588952;1.04016713863354
0.542747945525655;4.04622342895955;1.04103316462087
0.542751471633589;4.04450403156704;1.04103316462087
0.542756173110834;4.04564313233958;1.04103316462087
0.544627361054406;4.04880536086;1.04103316462087
0.544632062531651;4.04765715563946;1.04103316462087
0.546505601213845;4.05081535432223;1.04103316462087
0.54651030269109;4.04966774611468;1.04103316462087
0.547911342910147;4.05597190471407;1.04103316462087
0.548382666003973;4.05625399334878;1.04103316462087
0.548544866968931;4.05367758381844;1.04103316462087
0.549788407700275;4.06412784833507;1.04103316462087
0.550260906163413;4.06169561744025;1.04103316462087
0.550265607640658;4.05883532823624;1.04103316462087
0.550427808605616;4.05597503903224;1.04103316462087
0.551668998598337;4.07242438851369;1.03739585547408
0.552142084746131;4.06899275788446;1.03739585547408
0.55214619853872;4.06556112725524;1.03739585547408
0.552308399503678;4.06184367666016;1.03739585547408
0.553554290973644;4.0802901838247;1.03702059412013
0.554026789436782;4.07785840068961;1.03595851594112
0.55418899040174;4.07528378219822;1.0355786816949
0.555133987328016;4.0828648023161;1.03373053091797
0.555431355763772;4.09301462004878;1.03335281934834
0.55590385422691;4.0897262725356;1.03275266104402
0.555908555704156;4.08629553742585;1.0327466893196
0.556850614207154;4.10073623672428;1.03069371353691
0.556854727999743;4.09787729079949;1.03068399546153
0.557016928964701;4.09530356782757;1.03042694478986
0.558260469696045;4.11388917901727;1.02636676325881
0.558732968159183;4.11160023123849;1.02514100353004
0.558895169124141;4.10959710342556;1.02365648519999
0.560139885224796;4.12361616230438;1.01742517607694
0.560611796003278;4.12504287408173;1.01609657446409
0.560615909795867;4.12018244212972;1.01608499263184
0.560620611273113;4.11475096725897;1.01607175625214
0.560782812238071;4.11617812679606;1.01561510115233
0.562020476122858;4.131912702483;1.01622842218172
0.562024002230792;4.13319657890404;1.01621732838358
0.56249650069393;4.12805047623942;1.01473075943303
0.562501202171175;4.12219049529976;1.01471596770218
0.562663403136133;4.12276049344576;1.01420565298782
0.563905768498165;4.14506654029547;1.01254821705352
0.564377679276647;4.14077744976868;1.01202614867782
0.564381793069237;4.13620268852927;1.0120215976459
0.564543994034195;4.13134270433699;1.01184215695886
0.565786359396227;4.15236248671372;1.00667786087492
0.566258857859365;4.14978786822233;1.00615514235181
0.56626355933661;4.14678459440877;1.00614994117247
0.566268260813855;4.14306803933316;1.00614473999314
0.567367231119911;4.15465053897303;1.00002366605766
0.5676681256636;4.16265558756245;0.999245024497322
0.568298123614451;4.15693859123234;0.997614743730367
0.569086796422326;4.16694781240741;0.99557385120308
0.569091497899571;4.16580154747906;0.995561684928699
0.569551067300285;4.1743815195716;0.994597836640446
0.570034144087225;4.16866392622851;0.993077986295483
0.570493713487939;4.17867478918928;0.991632094604777
0.57112371143879;4.17467077236212;0.988345032004875
0.572068708365066;4.17896404197979;0.985371894103782
0.572844452110516;4.18468342636184;0.982931258513331
0.57378709829817;4.18940579906142;0.978325137916352
0.573949299263128;4.18683028505055;0.977708606730667
0.575194015363783;4.19341787556386;0.967555595497637
0.575665926142265;4.19427190263678;0.965981578873646
0.575827539422568;4.19169638862591;0.965442532084608
0.577072255523222;4.19757129489015;0.963661903328937
0.57754475398636;4.19713965450307;0.960308486233462
0.577549455463606;4.19713622167842;0.960275118899178
0.578648425769661;4.20186143018967;0.955454469825634
0.578950495682662;4.20615380428787;0.951473616896505
0.5794229941458;4.20214978746071;0.946804354590272
0.580364464964142;4.20901842183601;0.943224509413671
0.5805266659291;4.20958677819631;0.943573855292304
0.581772557399066;4.21788704970607;0.934429287105407
0.582245055862205;4.21788361688142;0.931376307905178
0.582407256827162;4.21359363083515;0.930328270269278
0.583649622189195;4.22447061038175;0.92134232649599
0.584122120652333;4.22275300402819;0.920100366249911
0.584126822129578;4.22074957770877;0.920088008436518
0.584131523606823;4.21846152544946;0.920075650623124
0.585230493912878;4.22675881189431;0.917187011742318
0.585531388456568;4.23076447050718;0.910003477230497
0.586161386407419;4.228761193441;0.906605334340965
0.586948883845983;4.23477102463953;0.90235765572905
0.58711108481094;4.23248207686074;0.901482760731372
0.587408453246696;4.24006160444616;0.906563707867293
0.587882127079146;4.2373445983582;0.902922680563264
0.588825360951455;4.25035560081436;0.892634452576847
0.588829474744045;4.24692486570461;0.892535533021029
0.588991675709003;4.24349323507539;0.888635276248701
0.590234041071035;4.26036721004136;0.884563426090414
0.590705951849517;4.2615082511061;0.882724780787233
0.590710065642107;4.25679110227013;0.882708752745985
0.590714767119352;4.25193111807785;0.882690434984559
0.59087696808431;4.25392961904016;0.882058472215346
0.592114631969097;4.26852285515587;0.866497447956949
0.592118158077031;4.2679477823995;0.866478428500478
0.59259183190948;4.26365869187271;0.863923481514504
0.592596533386725;4.25894154303674;0.86389812223921
0.59260123486397;4.25951154118274;0.863872762963915
0.594472422807542;4.27295970639608;0.855916262253436
0.594477124284787;4.26895494330269;0.85588999564602
0.596350075282326;4.28068445738974;0.842150756753721
0.596511688562628;4.27696491724922;0.841430230879041
0.598226552387799;4.28326922510186;0.827958558796248
0.598231253865044;4.28412325217477;0.827933199520953
0.598235955342289;4.28240385478226;0.827907840245658
0.599634644822723;4.28785458332172;0.821870260120768
0.600107143285861;4.28556369525074;0.815335575267502
0.600111844763106;4.28627428995436;0.815222524346563
0.601984795760645;4.28914860896348;0.802851969886693
0.602146409040947;4.29000248678315;0.801387202861689
0.603391125141602;4.29616410853273;0.785051201977677
0.603863035920084;4.29444486039346;0.785607570270091
0.604024649200386;4.29201083845969;0.785955650402788
0.605741276079524;4.29717276196837;0.758802032566853
0.605902889359826;4.29802634128155;0.757281935784826
0.607616577815685;4.30018693126888;0.743355863764189
0.607620103923619;4.30161185200727;0.743326503391929
0.607624805400864;4.29960633614241;0.743287356228915
0.609492467236502;4.29991379782892;0.738198151888843
0.609495993344436;4.30091006324516;0.738189797965658
0.609500694821681;4.3020491640177;0.738178659401412
0.611367768972663;4.2979266401133;0.718604827171078
0.611371882765253;4.29963708231106;0.718614582840562
0.611376584242498;4.30134752450882;0.718625732177114
0.613240719970202;4.29336844598419;0.693426507278523
0.613245421447448;4.29593590031978;0.69340678100851
0.613250122924693;4.29850335465537;0.693387054738496
0.615113083283085;4.28766756900464;0.692385389790587
0.615117784760331;4.29037785869653;0.692350397838869
0.615122486237576;4.29323098374474;0.69231540588715
0.616986034280624;4.28339504558813;0.671847133045265
0.616990148073214;4.28567682921112;0.671833411854272
0.616994849550459;4.2879586128341;0.671817730493136
0.618860160647474;4.27997953430946;0.663186449477744
0.618864862124719;4.28197564721984;0.66315308214346
0.618869563601965;4.28397176013021;0.663119714809177
0.620262376235842;4.27328015311499;0.656182213286543
0.620733699329669;4.27499059531275;0.650929241455557
0.620738400806914;4.27670103751051;0.650882781134102
0.620743102284159;4.27841147970827;0.650836320812648
0.62260488727324;4.2681488265217;0.635741963679925
0.622609588750486;4.26985926871946;0.635684927618106
0.622614290227731;4.27156971091722;0.635627891556289
0.624478425955435;4.26259033713872;0.619282064971353
0.62448312743268;4.26430077933648;0.619259157044885
0.624487828909925;4.26601122153424;0.619236249118417
0.625412256873254;4.26002303205637;0.612566813163196
0.626354315376252;4.25603035847589;0.606418742109021
0.626359016853497;4.25802647138626;0.606388059284046
0.626502411909474;4.25403424556551;0.605452233122338
0.627762407811176;4.25203723713567;0.602346632852914
0.6282178634193;4.24604874915131;0.599012358764975
0.62822197721189;4.2474736698897;0.598982242740954
0.628226678689135;4.24975545351269;0.598947824427788
0.630088463678216;4.23706310673647;0.592766955963373
0.63009198978615;4.23863071357793;0.592763055078871
0.630096691263396;4.24005548506308;0.592757853899537
0.630101392740641;4.24148025654823;0.592752652720202
0.631958476252477;4.22964775772152;0.585503495285502
0.631963177729722;4.23078685849406;0.585503495285502
0.631967879206967;4.23164028855399;0.585503495285502
0.631972580684212;4.23249416637366;0.585503495285502
0.633375971641891;4.22536448807131;0.585849905680433
0.63383083956536;4.22013719164093;0.585849905680433
0.633835541042605;4.22070495098825;0.585849905680433
0.63384024251985;4.22127271033557;0.585849905680433
0.634921190496466;4.21556974381057;0.585849905680433
0.635707904355488;4.21043349186017;0.585849905680433
0.635712605832734;4.2112869219201;0.585849905680433
0.636167473756202;4.20748887457224;0.585849905680433
0.636796296337742;4.20767573963608;0.585849905680433
0.637583793776305;4.20320754521424;0.585849905680433
0.637727580622053;4.19892606660298;0.585849905680433
0.638672185758559;4.19864382871503;0.585849905680433
0.639442052657453;4.19322474186369;0.585849905680433
0.639603078253099;4.19779189118755;0.585849905680433
0.640390575691663;4.19084758541659;0.585849905680433
0.641313240601025;4.1860025265489;0.585849905680433
0.641316766708959;4.18742729803405;0.585849905680433
0.641478967673916;4.18885221877245;0.585849905680433
0.642716631558704;4.1771588239709;0.585849905680433
0.64318795465253;4.17744091260561;0.585849905680433
0.643192656129776;4.1774373305277;0.585849905680433
0.643197357607021;4.18143403394582;0.585849905680433
0.644276346634784;4.17344779126539;0.585849905680433
0.645063844073347;4.16916899921256;0.585849905680433
0.645068545550593;4.16973675855988;0.585849905680433
0.645991210459954;4.16565348825915;0.585849905680433
0.6459959119372;4.16622124760647;0.585849905680433
0.646937382755542;4.16080066822267;0.585849905680433
0.64708156139106;4.1560906835425;0.585849905680433
0.648025774737795;4.15466591205735;0.585849905680433
0.648796229321345;4.14772190479288;0.585849905680433
0.648800343113935;4.15143204197891;0.585849905680433
0.649741813932277;4.14810667966075;0.585849905680433
0.649885992567795;4.14468206393408;0.585849905680433
0.650673881796129;4.1418280433664;0.585849905680433
0.651147555628578;4.13897402279873;0.585849905680433
0.651598309759458;4.13507821457482;0.585849905680433
0.651602423552047;4.13764656442989;0.585849905680433
0.651607125029292;4.13754790803436;0.585849905680433
0.652080798861742;4.13022405125913;0.585849905680433
0.653468910018374;4.12123751332482;0.585849905680433
0.653472436126308;4.12609078112103;0.585849905680433
0.653477137603553;4.12651570511205;0.585849905680433
0.653481839080798;4.12679779374676;0.585849905680433
0.655340097961946;4.11325127064438;0.585849905680433
0.65534362406988;4.11467604212953;0.585849905680433
0.655348325547125;4.11581514290207;0.585849905680433
0.65535302702437;4.11695424367462;0.585849905680433
0.657211285905517;4.10526502796395;0.585849905680433
0.657214812013451;4.1066897994491;0.585849905680433
0.657219513490697;4.10782890022164;0.585849905680433
0.657224214967942;4.10896800099418;0.585849905680433
0.659085999957023;4.09856161693183;0.585849905680433
0.659090701434268;4.09970071770437;0.585849905680433
0.659095402911513;4.10083981847691;0.585849905680433
0.660019830874842;4.09627998256209;0.585849905680433
0.66096188937784;4.09228730898161;0.585849905680433
0.660966590855085;4.09428342189198;0.585849905680433
0.661109985911062;4.09029119607124;0.585849905680433
0.662369981812764;4.08829418764139;0.585688157083702
0.662825437420889;4.08059167538137;0.58556242501438
0.662829551213478;4.08258793754499;0.585561289369882
0.662834252690723;4.08544106259319;0.585559991490457
0.664697213049116;4.07117573585867;0.589285479764209
0.664701914526361;4.07431453161948;0.589292542012429
0.664706616003606;4.0774533273803;0.58929960426065
0.666097077898861;4.06247665967592;0.591080081724797
0.666568400992688;4.06447277258629;0.590949969312415
0.666573102469933;4.06646888549666;0.590948671432989
0.666577803947178;4.06846499840703;0.590947373553564
0.668440764305571;4.05748816843894;0.590502840887972
0.668445465782816;4.0590557752804;0.590526468145464
0.668450167260061;4.06076621747816;0.590550095402956
0.67031371530311;4.05293042206957;0.597769340049536
0.670317829095699;4.05549787640516;0.597769718129491
0.670322530572944;4.05806533074075;0.597770150220868
0.672186666300648;4.04865789865306;0.598154692317115
0.672191367777894;4.05093968227605;0.598163171586013
0.672196069255139;4.05322146589903;0.598171650854913
0.674056678874909;4.0413876237931;0.601811837227618
0.674060204982843;4.04309806599086;0.60181607457655
0.674064906460088;4.04480850818863;0.601821724375126
0.674069607937333;4.04651895038639;0.601827374173702
0.675931392926415;4.03539928506199;0.604209656611821
0.67593609440366;4.03739539797236;0.604209656611821
0.675940795880905;4.03939151088273;0.604209656611821
0.677803756239298;4.03012691415135;0.607501564522348
0.677808457716543;4.03283720384325;0.60750674699661
0.677813159193788;4.03569032889145;0.607511929470872
0.679676707236836;4.02514021395332;0.607696044139845
0.679680821029426;4.02756483293261;0.607692044619272
0.679685522506671;4.0301322872682;0.607687473738617
0.681550245919031;4.02086769053682;0.616160815236969
0.68155435971162;4.0231494741598;0.616160815236969
0.681559061188866;4.02543125778278;0.616160815236969
0.68342319691657;4.01673800247662;0.616489150566666
0.683427898393815;4.0190197860996;0.61648785268724
0.68343259987106;4.02130156972259;0.616486554807816
0.684825412504937;4.00989578592584;0.617985354654832
0.685296735598764;4.0114633927673;0.61817453452969
0.685301437076009;4.01317383496506;0.618176421610735
0.685306138553254;4.01488427716282;0.618178308691781
0.687168511226992;4.005907142183;0.627766309612433
0.687172625019581;4.00704624295554;0.627765173967936
0.687177326496826;4.00847101444069;0.627763876088511
0.689043812963153;4.00377759687081;0.626110615528537
0.689047339071087;4.00534520371227;0.626105718156406
0.689052040548332;4.00705564591003;0.626099188326899
0.690917939330003;4.00093342701736;0.632737718651999
0.690922053122592;4.00278670457143;0.632732005051181
0.690926754599837;4.0047828174818;0.632725475221673
0.692791478012197;3.99723224502608;0.638743501401247
0.692795591804787;3.99922835793645;0.638739501880675
0.692800293282032;4.00151014155943;0.63873493100002
0.694665604379047;3.99395956910371;0.644527606089937
0.694669130486981;3.99595568201408;0.644521522952747
0.694673831964226;3.99795179492446;0.64451341210316
0.696539143061242;3.98997271639982;0.651450092214805
0.696543844538487;3.9921116646665;0.651447255847725
0.696548546015732;3.99439344828948;0.651444419480645
0.69841209405878;3.98612869905223;0.658312982964142
0.69841620785137;3.98826764731891;0.65830919513708
0.698420909328615;3.99054943094189;0.658304866191869
0.700286808110286;3.98285602312987;0.664577864278889
0.700290921902876;3.98470930068394;0.664574076451829
0.700295623380121;3.98670541359431;0.664569747506616
0.702160346792481;3.97929767649489;0.670151007040077
0.70216446058507;3.98129378940526;0.670147219213016
0.702169162062315;3.98357557302825;0.670142890267804
0.704034473159331;3.97545365914731;0.678341481127233
0.704037999267265;3.97744977205768;0.678341481127234
0.70404270074451;3.97973155568066;0.678341481127233
0.705908011841525;3.97218098322494;0.67753756642451
0.705911537949459;3.97417709613531;0.677533221326517
0.705916239426704;3.97617320904568;0.677527427862527
0.707781550523719;3.96876547194627;0.684347078916016
0.707786252000964;3.97076158485664;0.684339547412828
0.70779095347821;3.97275769776701;0.684332015909641
0.709655089205914;3.96406444246085;0.692482308063885
0.709659790683159;3.96648906144014;0.692484195144931
0.709664492160404;3.96905651577573;0.692486082225976
0.711528040203453;3.95922057761913;0.70391788837149
0.711532153996042;3.96178803195472;0.703923619827312
0.711536855473287;3.96435548629032;0.703930170062536
0.713400991200991;3.9539950722277;0.71782850411998
0.713405692678237;3.95541984371285;0.717867995393217
0.713410394155482;3.956844615198;0.717907486666454
0.714491342132097;3.95214283944635;0.719857652252213
0.71527805599112;3.94872299982355;0.724942509947591
0.715282757468365;3.95043239724859;0.72497629581593
0.716366447973373;3.94672778243265;0.740100809846779
0.717155120781248;3.94711390057974;0.742958237711371
0.718082487167855;3.94083810009707;0.756918970657092
0.718244688132813;3.9439760003384;0.757069626067252
0.719954850480738;3.93513782013049;0.772025167728782
0.719959551957983;3.93799109443194;0.772065671598769
0.719964253435228;3.94084332396067;0.772106175468755
0.721828389162932;3.93000828457616;0.779340293280754
0.721833090640177;3.93257573891175;0.779376746763741
0.721837792117423;3.93514319324735;0.779413200246729
0.723700752475815;3.92516441973444;0.798781613368349
0.72370545395306;3.92773187407003;0.798835618528331
0.723710155430306;3.93029932840562;0.798889623688314
0.72557429115801;3.92032055489272;0.803135238604006
0.725578992635255;3.9226023385157;0.803160614817949
0.7255836941125;3.92516979285129;0.803185991031893
0.727447829840204;3.91861876938321;0.816410439156155
0.727451355948138;3.9200439886281;0.816426933695218
0.727456057425383;3.92175443082586;0.816448926413971
0.728855922275128;3.92248801052935;0.83169062988061
0.729328420738266;3.92205592238254;0.831183947705247
0.729490621703224;3.92176666959203;0.832993271759475
0.730732987065256;3.92978694201252;0.846219760390437
0.731204897843739;3.92764038183031;0.845035556513852
0.731209011636328;3.92535143405152;0.845025233441453
0.731371212601286;3.92306248627274;0.846353428495867
0.732613577963319;3.93779825923827;0.862616090819353
0.733085488741801;3.93479468691822;0.862137824832687
0.73308960253439;3.9315058916453;0.862133655639778
0.733251803499348;3.92778844105022;0.861969270319329
0.734494168861381;3.94466674436033;0.877695036367324
0.734966079639863;3.94194884275289;0.880820187213968
0.734970193432453;3.93894571819258;0.880850279831752
0.73513239439741;3.93579975827596;0.881666309026789
0.736845495168614;3.94938971407289;0.894296189156498
0.736849608961204;3.94781539083537;0.894291601124321
0.736854310438449;3.94638345519441;0.894286357658975
0.737953280744504;3.95482253222284;0.907360290571996
0.738255350657505;3.95911490632105;0.90689793064742
0.738727849120643;3.95511088949388;0.906174706173957
0.739669319938985;3.96212191146575;0.928546832543288
0.739831520903943;3.96269026782605;0.929187299987449
0.741077412373909;3.97270456361148;0.930159104386728
0.741549910837048;3.97212978936161;0.96327160795552
0.741712111802005;3.96726846189011;0.964419458699599
0.743425212573209;3.98143110239147;0.967856200408529
0.743429326365798;3.97914215461269;0.967862494928864
0.743434027843044;3.97656738686805;0.967869688666391
0.743438729320289;3.97370799318352;0.967876882403917
0.744537699626344;3.97886140925719;1.00545617030941
0.7448350680621;3.99243882778146;1.00507331662683
0.744838594170034;3.98800824517758;1.00506877685984
0.745468592120884;3.98343482721738;1.00209945284151
0.746257264928759;4.00444401261366;1.0215599593388
0.746261966406005;3.9964420983424;1.02121061346017
0.74626666788325;3.99586956289121;1.02086126758154
0.746721535806718;4.00830549259101;1.02854973941286
0.747365638189305;4.00987489047142;1.02773083548062
0.747663006625061;4.01745516432307;1.02671118678671
0.748136092772855;4.01373920626044;1.04132491030896
0.748140206565444;4.01316607379627;1.04131387776176
0.74815431099718;4.00687848230717;1.04127605188567
0.749081677383786;4.03388839445397;1.03878900053253
0.749243878348744;4.02774378757442;1.03835400295745
0.749253281303235;4.02031366248812;1.03832878570672
0.750041954111109;4.03989061373695;1.04003656948019
0.750492120557333;4.04532746172454;1.03853507915145
0.750965794389782;4.04532567068559;1.03695518201703
0.750970495867028;4.04532387964664;1.0369395006559
0.750975197344273;4.03760808384774;1.03692381929476
0.750984600298763;4.03817823124699;1.03689245657249
0.751917843531926;4.05104490581439;1.03243867157917
0.751927246486417;4.04532880500376;1.03237730592922
0.752382114409885;4.06133442458521;1.02940874261298
0.75286048971958;4.05676100662502;1.02628676517187
0.753324760597539;4.06934051794735;1.02325683620569
0.753803135907234;4.06905305619579;1.01446197152432
0.753807837384479;4.06476530894821;1.01443037239961
0.754737554509708;4.08106167385264;1.00818164549009
0.754749308202821;4.07734526803028;1.00810264767834
0.754911509167779;4.07334304224206;1.00701247787618
0.755681376066673;4.08592121028518;1.00678387125642
0.756155049899123;4.09793042495501;0.998609177696401
0.756627548362261;4.09449968984526;0.991131786641748
0.756632249839506;4.08849702280254;0.991085831276471
0.756794450804464;4.08420838003549;0.989500371174416
0.758035640797185;4.10536920672957;0.976811089644557
0.758509314629634;4.10250891752556;0.969872692332816
0.758514016106879;4.0993628083557;0.969803824865703
0.758518717584124;4.0956462532801;0.969734957398589
0.759617687890179;4.10765740824212;0.966926186649856
0.759918582433869;4.11166261909526;0.965261524388643
0.76054858038472;4.10965978978882;0.95444219574325
0.761336077823284;4.11838438827662;0.936369553375264
0.761498278788242;4.11795244938305;0.926198136088128
0.761800348701243;4.11981483138511;0.90824373455329
0.762742994888897;4.12668257024094;0.888113198494827
0.763214905667379;4.12582242378495;0.851086451635442
0.763376518947681;4.12553332024768;0.851458816428559
0.764622410417647;4.13412209828173;0.834263660795548
0.765094908880785;4.13297583335338;0.836189313365809
0.765257109845743;4.1321153883909;0.856900696027512
0.766971385986258;4.14841846969139;0.781904346346369
0.766975499778848;4.14527250977478;0.78152869430218
0.767137700743805;4.14241236982402;0.766717270845439
0.768850801515009;4.16671452958409;0.747057363400012
0.768854915307598;4.16157066571816;0.746684623824153
0.768859616784843;4.15628292172319;0.746258635737455
0.768864318262089;4.14970965952148;0.745832647650756
0.768873721216579;4.15127920665513;0.744980671477348
0.769963288568144;4.17928762301685;0.681962582804484
0.769972691522634;4.17300107630047;0.681843992972983
0.7702606570039;4.20471962984822;0.678212179383232
0.770733743151694;4.1978626372261;0.627864704115875
0.770737856944283;4.19100564460397;0.627748527565895
0.770761364330509;4.17672046718775;0.627084661565999
0.770766065807754;4.18271925364608;0.626951888366021
0.770770767284999;4.18100343833146;0.62681911516604
0.771680503131937;4.2271514971842;0.604695700739916
0.771685204609182;4.21800913886119;0.604957710148897
0.771689906086427;4.20886678053819;0.60521971955787
0.771694607563672;4.19972442221518;0.605481728966843
0.771713413472653;4.21115125071959;0.6053626065668
0.771718114949898;4.22257807922401;0.605297363703218
0.771722816427143;4.23400490772843;0.605232120839637
0.771727517904388;4.24543173623284;0.605166877976056
0.771732219381634;4.23428923516182;0.605101635112474
0.771736920858879;4.22300434649424;0.605036392248891
0.771741622336124;4.21157662247035;0.604971149385309
0.772145949379207;4.23058566511861;0.599360263117282
0.772637253751326;4.23315580601263;0.562303589144048
0.772641955228571;4.23544012694079;0.562262967530255
0.772646656705816;4.23315371646718;0.562222345916459
0.772684268523777;4.25343678482226;0.561897373006103
0.772688970001023;4.24886515790102;0.561856751392309
0.772693671478268;4.24429353097978;0.561816129778514
0.772698372955513;4.23972190405854;0.561775508164719
0.773097998521351;4.35028736532571;0.558322670992184
0.773101524629285;4.30743586291467;0.558292204781838
0.773588127524158;4.26458436050364;0.557605166841439
0.773592829001404;4.22144703812675;0.55748902546754
0.773597530478649;4.23230297296568;0.557372884093638
0.773602231955894;4.24373039848308;0.55725674271974
0.773606933433139;4.25658572980379;0.557140601345841
0.773611634910384;4.24687158229583;0.557024459971943
0.773773835875342;4.24144294323675;0.553017582572423
0.773797343261568;4.23601430417768;0.552436875702927
0.774052398402118;4.36057822737574;0.5461362061689
0.774561333313906;4.36200568541932;0.529801716700029
0.774566034791151;4.32800997509921;0.529750902754047
0.774584840700131;4.31286897957112;0.529547646970116
0.774589542177377;4.32315312522509;0.529496833024131
0.774594243654622;4.33343727087907;0.529446019078149
0.774598945131867;4.34343559656718;0.529395205132166
0.774603646609112;4.35143437652028;0.529344391186183
0.774608348086357;4.35943315647337;0.529293577240201
0.774613049563602;4.36743193642646;0.529242763294216
0.774617751040848;4.37543071637955;0.529191949348234
0.774622452518093;4.38342949633264;0.529141135402251
0.774627153995338;4.39142827628573;0.529090321456268
0.774631855472583;4.39942705623882;0.529039507510285
0.774636556949828;4.40742583619191;0.528988693564303
0.774641258427073;4.415424616145;0.528937879618319
0.774645959904318;4.42342339609809;0.528887065672336
0.774650661381564;4.43142217605119;0.528836251726354
0.774655362858809;4.43942095600428;0.52878543778037
0.774660064336054;4.44741973595737;0.528734623834388
0.774664765813299;4.45541851591046;0.528683809888403
0.774669467290544;4.46341729586355;0.528632995942421
0.774674168767789;4.47141607581664;0.528582181996438
0.774678870245035;4.47941485576973;0.528531368050455
0.77468357172228;4.48741363572282;0.528480554104473
0.774688273199525;4.49541241567591;0.52842974015849
0.77469297467677;4.50341119562901;0.528378926212506
0.774697676154015;4.5114099755821;0.528328112266523
0.77470237763126;4.51940875553519;0.528277298320541
0.774707079108506;4.52769335545413;0.528226484374557
0.774711780585751;4.48198469815726;0.528175670428575
0.774716482062996;4.43599037014777;0.528124856482591
0.774728235756109;4.2940142647791;0.527997821617635
0.774878683027954;4.39313886773674;0.525438360437951
0.775025604191865;4.49256421598482;0.522264796860251
0.775516908563983;4.44314094390454;0.537318173661674
0.775667355835828;4.40000287526142;0.533971856583165
0.775672057313074;4.3568648066183;0.533867284174462
0.775968250379518;4.41915206670756;0.527279222426148
0.775971776487452;4.38258517072071;0.527200793119622
0.775976477964697;4.34401872899883;0.527096220710919
0.775981179441943;4.30516646731109;0.526991648302213
0.776459554751637;4.31402270716175;0.505924120720329
0.776464256228882;4.32316461772502;0.505825713430574
0.776468957706127;4.33230652828829;0.505727306140819
0.776473659183373;4.34144843885156;0.505628898851064
0.776478360660618;4.34944721880466;0.505530491561306
0.776483062137863;4.35744599875775;0.505432084271551
0.776487763615108;4.36544477871084;0.505333676981794
0.776492465092353;4.37344355866393;0.505235269692039
0.776497166569598;4.38144233861702;0.505136862402284
0.776501868046844;4.38944111857011;0.505038455112526
0.776506569524089;4.3974398985232;0.504940047822771
0.776511271001334;4.40543867847629;0.504841640533016
0.776515972478579;4.41343745842938;0.504743233243261
0.776520673955824;4.42143623838247;0.504644825953505
0.776525375433069;4.42943501833556;0.504546418663749
0.776530076910315;4.43743379828866;0.504448011373992
0.77653477838756;4.44543257824175;0.504349604084236
0.776539479864805;4.45343135819484;0.504251196794481
0.77654418134205;4.46143013814793;0.504152789504726
0.776548882819295;4.46942891810102;0.504054382214971
0.77655358429654;4.47742769805411;0.503955974925213
0.776558285773785;4.4854264780072;0.503857567635458
0.776562987251031;4.49342525796029;0.503759160345702
0.776567688728276;4.50142403791338;0.503660753055946
0.776572390205521;4.50942281786647;0.503562345766191
0.776577091682766;4.51742159781957;0.503463938476436
0.776581793160011;4.52542037777266;0.503365531186678
0.776586494637256;4.53341915772575;0.503267123896923
0.776591196114501;4.54370330337972;0.503168716607167
0.776595897591747;4.5539874490337;0.503070309317412
0.776600599068992;4.51770592525296;0.502971902027657
0.776614703500727;4.48570990992113;0.502676680158388
0.776619404977972;4.48913706295297;0.502578272868633
0.776923825629596;4.54256912796429;0.499577409419532
0.777542069887334;4.54999626798567;0.508787157349197
0.777560875796315;4.45886253455909;0.508942422184146
0.777704270852292;4.50628626090435;0.506288390184865
0.777723076761273;4.45657627333873;0.506098170439433
0.778005165395982;4.5565725152523;0.503244874257927
0.778649267778568;4.55199999281158;0.45290735408954
0.778668073687549;4.54742747037087;0.452751124876734
0.778954863799503;4.59800133572363;0.448846576600876
0.779436765217132;4.59428582542074;0.442511024224982
0.77959896618209;4.59428463139477;0.443853639830479
0.779613070613825;4.59428284035582;0.444066610045262
0.779896334617846;4.6037195260797;0.448343761858792
0.779899860725779;4.60228982923744;0.448397004412489
0.780543963108366;4.59914580961302;0.436698368307945
0.780844857652056;4.62458318956124;0.432562759293838
0.780849559129301;4.61629560457738;0.432498140402994
0.781331460546929;4.6077223488809;0.426030236563076
0.781493661511887;4.60714936566998;0.422410863012569
0.782265879149404;4.62344214849651;0.421447021334877
0.783208525337058;4.64202149104989;0.389495798862179
0.783213226814303;4.6351613641096;0.389440500393954
0.783217928291548;4.62715855431887;0.389385201925728
0.784160574479202;4.64430954330919;0.376901979755075
0.784616617771982;4.65374622903307;0.376033093851809
0.78508911623512;4.65031534467008;0.373862263672632
0.785093817712365;4.64688460956033;0.373834923560391
0.785103220666855;4.64231119160013;0.373780243335909
0.786036463900018;4.65374951260448;0.369155993803718
0.786045866854509;4.65374816932527;0.369018783019344
0.786500734777978;4.66432843341907;0.361203649743659
0.787135434206074;4.66346873472281;0.35393191150149
0.787144837160564;4.65575144639144;0.353958420131846
0.78744220559632;4.66633081496576;0.354888904177391
0.788386027153285;4.67805510518921;0.348049139074045
0.788858525616423;4.67433825160712;0.327969028964634
0.788863227093668;4.66862080751727;0.32779353596457
0.789025428058626;4.66404664329085;0.325259813994487
0.790732064298617;4.67806794096836;0.324874567450579
0.790735590406551;4.6806371863429;0.324833021201585
0.790740291883796;4.67749077866655;0.324777626202928
0.790744993361042;4.67405914803732;0.32472223120427
0.790749694838287;4.67577138127403;0.324666836205613
0.79212957840974;4.65479562860484;0.308272285224043
0.792600901503567;4.6539372731878;0.304777139810335
0.792605602980812;4.66093531012727;0.304731149973149
0.792610304458057;4.66807618242306;0.304685160135962
0.792615005935302;4.67036020484473;0.304639170298775
0.792619707412547;4.67292945021927;0.304593180461587
0.792624408889792;4.67549869559382;0.3045471906244
0.793528855574829;4.65651278719867;0.297455753669545
0.793532969367419;4.65565398402188;0.297433110881115
0.794020747631603;4.65765949988675;0.294748323110138
0.794025449108849;4.65737159037545;0.294722445637647
0.794461511123337;4.64152447774111;0.29409442769352
0.794475615555072;4.64952191441499;0.294065315536968
0.794480317032317;4.65637666823842;0.294055611484783
0.794485018509563;4.65537502970534;0.294045907432599
0.7953947543565;4.62867496729699;0.291511157331624
0.79540415731099;4.634386441257;0.291463115745922
0.795408858788236;4.63895523236657;0.291439094953073
0.796317419265862;4.61068487655833;0.283360285263723
0.796322120743107;4.61325456969261;0.283344525299274
0.796350329606578;4.624963039072;0.283249965512576
0.796484321708065;4.61839485148065;0.282800806525763
0.796493724662555;4.61782216677622;0.282769286596864
0.796813425115226;4.60982950620621;0.28169760901429
0.797249487129714;4.61011681870452;0.277656718248472
0.797746668348389;4.61068995116869;0.277471073390856
0.798190957948056;4.59146299878145;0.277103867795423
0.798195659425301;4.59717462199471;0.277096779618175
0.798200360902547;4.60317146816084;0.277089691440928
0.798205062379792;4.60412265909682;0.27708260326368
0.798209763857037;4.61126308363287;0.277075515086432
0.79833983806082;4.58575137556819;0.276879408849248
0.800057444414383;4.57719200042359;0.261090275578258
0.800062145891628;4.58004512547179;0.261073061433515
0.800066847368873;4.58289825051999;0.26105584728877
0.801926281619332;4.56987396452495;0.254948038153392
0.801930983096577;4.57158440672271;0.254934438313835
0.801935684573822;4.57329484892047;0.254920838474277
0.801940386051068;4.57500529111823;0.25490723863472
0.803798644932215;4.56217339255712;0.242734970727212
0.803802171040149;4.56331249332966;0.242727855739867
0.803806872517394;4.5644515941022;0.242718369090074
0.803811573994639;4.56559069487474;0.24270888244028
0.805202035889894;4.55447237282955;0.239903205763953
0.805673358983721;4.5558971443147;0.235699286949204
0.805678060460966;4.55703624508724;0.235681863214609
0.805682761938211;4.55817534585979;0.235664439480014
0.807541020819359;4.54791493147191;0.226708204604603
0.807544546927293;4.54905358448471;0.226696777402966
0.807549248404538;4.54962134383203;0.226681541134115
0.807553949881783;4.55018910317935;0.226666304865266
0.809414559501553;4.54050003021669;0.219493575516078
0.809418085609487;4.54192480170184;0.219474297231806
0.809422787086732;4.54306390247438;0.219448592852776
0.809427488563978;4.54420300324692;0.219422888473746
0.811286922814436;4.53365467934774;0.210490593531742
0.811291624291681;4.53593646297073;0.210478427257362
0.811296325768927;4.53821824659371;0.210466260982981
0.813156935388697;4.52624156913148;0.205481355113962
0.813160461496631;4.52795201132924;0.205470261315823
0.813165162973876;4.529662453527;0.205455469584972
0.813169864451121;4.53137289572476;0.205440677854121
0.815028123332269;4.51825532645104;0.198845662624428
0.815031649440203;4.51968009793619;0.198829040992472
0.815036350917448;4.52081919870873;0.198806878816533
0.815041052394693;4.52195829948127;0.198784716640593
0.816902837383774;4.51226698771993;0.190732358112203
0.81690753886102;4.5142631006303;0.190717566381352
0.816912240338265;4.51625921354067;0.1907027746505
0.818775200696658;4.50675581161588;0.184052263577298
0.818779902173903;4.50846625381365;0.184037027308448
0.818784603651148;4.51017669601141;0.184021791039599
0.819865551627763;4.50476074347823;0.180518718893159
0.820652265486786;4.49933926857496;0.17624206796478
0.820656966964031;4.50019269863489;0.17623425650414
0.821579631873393;4.496585844695;0.174701257353492
0.821740657469039;4.49820121257514;0.174433714826564
0.822528154907603;4.49173212913905;0.170904087669332
0.823450819816965;4.48717289023722;0.169133550630205
0.823454345924898;4.48859766172237;0.169126784246616
0.823616546889856;4.49002258246077;0.168808079247591
0.825322007760536;4.47833038168518;0.159413345789827
0.82532553386847;4.47975515317033;0.159396783880283
0.825330235345715;4.48089425394287;0.159374701334225
0.825334936822961;4.48231917468127;0.159352618788168
0.827193195704108;4.47034413900474;0.149390758642108
0.827196721812042;4.4717689104899;0.149376864203753
0.827201423289287;4.47290801126244;0.149358338285946
0.827206124766532;4.47404711203498;0.14933981236814
0.829067909755614;4.4634987881358;0.142931579176631
0.829072611232859;4.46578057175878;0.142898897008465
0.829077312710104;4.46806235538176;0.142866214840301
0.830939097699186;4.45636955759319;0.136705355336962
0.830943799176431;4.45979402406662;0.136672673168796
0.830948500653676;4.46321849054004;0.136639991000631
0.832810285642757;4.44924032705059;0.127625725400967
0.832814987120003;4.4523791228114;0.127588485484971
0.832819688597248;4.45551791857221;0.127551245568974
0.834682648955641;4.44287213880871;0.119924987181041
0.834687350432886;4.44458258100647;0.119913595467607
0.834692051910131;4.44629302320423;0.119902203754174
0.835772999886746;4.44087692141782;0.112867209218382
0.836559713745769;4.43502694044563;0.110392059589279
0.836564415223014;4.43645171193078;0.110377267858429
0.837487667817031;4.4314163551746;0.105509649226374
0.837491781609621;4.43331739376734;0.105494012565867
0.838433252427963;4.42913457155161;0.101915451118521
0.83936061881457;4.42390473781605;0.0969894590852327
0.839365320291815;4.42504368933535;0.0969742228163826
0.840306791110158;4.42205250503471;0.0939231599791617
0.840450969745676;4.41719968499823;0.093455914401094
0.841395183092411;4.4163462549383;0.0860269346192943
0.842165049991305;4.41064104961462;0.0804150211316532
0.842326075586952;4.41520819893848;0.07884678034881
0.843113573025515;4.40816866959665;0.0784960768557079
0.844036237934877;4.40589419938271;0.0761084455085834
0.844039764042811;4.40646195873003;0.0760993208027978
0.844201965007769;4.4070298673306;0.0756795843366795
0.845454908693603;4.40161182525198;0.0717023255920726
0.845909776617072;4.39633661852967;0.0702712256322178
0.845914478094317;4.3971900485896;0.070256433901366
0.845919179571562;4.39775780793692;0.0702416421705152
0.84684360753489;4.3911978292741;0.0667210682159203
0.847784490668577;4.38577829466302;0.0637608730793211
0.847789192145822;4.3886303749385;0.0637460813484703
0.848872882650831;4.38264039442168;0.0589593488704923
0.849660380089394;4.38250248442249;0.0560408733258022
0.85058657110669;4.37622668393982;0.0519813160459428
0.850748772071648;4.37936458418116;0.0514710013315769
0.852001715757482;4.37351624499467;0.0463892789232334
0.852457171365606;4.36581462825413;0.0449132653783852
0.852461285158195;4.36809641187711;0.0448999336431415
0.852465986635441;4.37066401546595;0.0448846973742922
0.853857623900007;4.35454242611244;0.0397489562937059
0.854328946993833;4.35553869152868;0.0380022269005416
0.854333648471079;4.35639212158861;0.037984803165946
0.854338349948324;4.3609600171787;0.0379673794313504
0.855417338976087;4.35083154266018;0.033968632341761
0.85620483641465;4.34726647962913;0.0296433464762034
0.856209537891895;4.34697767459836;0.0296281102073532
0.857131615116602;4.34584648424785;0.0266398969791393
0.857293228396904;4.34670006356103;0.026116150237419
0.857612928849575;4.34127843940451;0.0246392834863682
0.85900456611414;4.33686203585898;0.0180783845886152
0.859009267591386;4.33814397198783;0.0180512509281385
0.859013969068631;4.33956889272623;0.0180241172676627
0.860874578688401;4.32659177075688;0.0177319946883499
0.860878104796335;4.32830221295464;0.0177284210944268
0.86088280627358;4.3300126551524;0.0177236563025298
0.860887507750825;4.33172309735016;0.0177188915106328
0.862749292739907;4.32146044416359;0.0136303936457356
0.862753994217152;4.32317088636135;0.0136263449352212
0.862758695694397;4.32488132855912;0.0136222962247077
0.864622831422101;4.31690225003448;0.0141074249909199
0.864627532899346;4.31946970437007;0.014110253702488
0.864632234376591;4.32203715870567;0.0141130824140552
0.866495194734984;4.31148704376754;0.00935357998256325
0.866499896212229;4.31405449810313;0.00934197380719404
0.866504597689474;4.31690762315133;0.00933036763182393
0.868368733417178;4.30735735570734;0.011780808759088
0.868372259525112;4.30949630397402;0.011777235165165
0.868376961002357;4.311778087597;0.011772470373268
0.870242859784028;4.30408467978497;0.00798717908336588
0.870246973576618;4.30593795733904;0.00798528751378758
0.870251675053863;4.30793407024941;0.00798312571998405
0.872116398466223;4.29938365029956;0.00717134094680016
0.872120512258812;4.30180826927884;0.00717134094680016
0.872125213736058;4.30437572361444;0.00717134094680016
0.873988761779106;4.29468262081414;0.00699813574933383
0.873992875571695;4.29696440443712;0.00699813574933383
0.873997577048941;4.29953185877271;0.00699813574933383
0.875862888145956;4.29112427417916;0.00699813574933383
0.87586641425389;4.29312038708954;0.00699813574933383
0.875871115731135;4.29511649999991;0.00699813574933383
0.87773642682815;4.28713742147527;0.00699813574933383
0.877741128305396;4.28927636974195;0.00699813574933383
0.877745829782641;4.29155815336493;0.00699813574933383
0.879609377825689;4.28229355663355;0.00699813574933383
0.879613491618279;4.28486101096914;0.00699813574933383
0.879618193095524;4.28742846530473;0.00699813574933383
0.881482328823228;4.27644894877822;0.00672672920873119
0.881487030300473;4.27815939097598;0.0067262971173534
0.881491731777718;4.27986983317374;0.0067258650259765
0.882416159741047;4.27431104528426;0.00265878654296081
0.883358218244045;4.26860345190864;0.00257215265628918
0.88336291972129;4.26974255268118;0.00257172029752795
0.883817787644759;4.2650400306633;0.00252988958743217
0.884446610226298;4.26546480540107;0.0031896681124719
0.885234107664862;4.26075855205205;0.00255292493483061
0.885377502720839;4.25647707344079;0.00237100945900615
0.886322499647115;4.25562349412762;4.60728793810539E-4
0.88709236654601;4.24896575458874;-6.74862027552514E-4
0.887097068023255;4.25267574252153;-6.81796933331924E-4
0.888038538841597;4.24668486648523;0.00578720443714253
0.888182717477115;4.24183144943578;0.00580045523938288
0.88912693082385;4.24097801937585;0.00588723359101184
0.889429000736852;4.23498639707332;0.00591499546201035
0.890057823318391;4.23812504358089;0.0054515577767047
0.890845320756955;4.2315619305999;0.00552388835108175
0.890988715812932;4.22813731487323;0.00553705899298329
0.891920391887014;4.22557329336229;0.00751775134173194
0.891933712739208;4.22756895851292;0.00751775134173194
0.892708281115348;4.22014823638112;0.00751775134173194
0.893181954947797;4.21986599849316;0.00751775134173194
0.893636822871266;4.21473004504926;0.00751775134173194
0.893641524348511;4.21491705936634;0.00751775134173194
0.894582995166853;4.2118770692543;0.00951413820315583
0.894727173802371;4.20645246003287;0.00964640084033341
0.895515063030705;4.20474291335458;0.0103691730233901
0.896442429417312;4.19846621735243;0.0107590029110458
0.89660463038227;4.2030333666763;0.010714226070875
0.898315968099507;4.19228937177176;0.00838221224466906
0.898319494207441;4.19428530557824;0.00838318807114558
0.898324195684686;4.19770920488934;0.00838448917311485
0.90001;4.19429533539631;0.0777025052664113
